{
    "timestamp": "2025-02-05 11:50:07",
    "test_r2": 0.8919017046726583,
    "test_mae": 13.436618109188577,
    "test_rmse": 21.47346549435841
}