{
    "timestamp": "2025-01-27 23:04:20",
    "metrics": {
        "train_mse": 28432.107184628196,
        "train_rmse": 168.61822909943098,
        "train_mae": 51.71758710253046,
        "train_r2": 0.9784979005085532,
        "test_mse": 43876.873849357406,
        "test_rmse": 209.46807358009812,
        "test_mae": 55.894113507206406,
        "test_r2": 0.9656596549238506,
        "cv_rmse": 196.71953847402216,
        "cv_rmse_std": 13.98877666993952
    }
}