{
    "timestamp": "2025-02-05 12:11:23",
    "metrics": {
        "train_mse": 28432.107184628196,
        "train_rmse": 168.61822909943098,
        "train_mae": 51.71758710253046,
        "train_r2": 0.9784979005085532,
        "test_mse": 43876.873849357406,
        "test_rmse": 209.46807358009812,
        "test_mae": 55.894113507206406,
        "test_r2": 0.9656596549238506,
        "cv_rmse": 0.0,
        "cv_rmse_std": 0.0
    }
}