{
    "timestamp": "2025-02-04 12:29:28",
    "metrics": {
        "train_mse": 2.1560706010003107e-14,
        "train_rmse": 1.4683564284601715e-07,
        "train_mae": 1.4124295016639152e-07,
        "train_r2": 0.0,
        "test_mse": 8.022986311465415e-14,
        "test_rmse": 2.832487654247661e-07,
        "test_mae": 2.7587145036749045e-07,
        "test_r2": 0.0,
        "cv_rmse": 2.062227462213399e-07,
        "cv_rmse_std": 6.098133620815024e-08
    }
}