{
    "timestamp": "2025-02-05 10:48:53",
    "test_r2": 0.8997659488572214,
    "test_mae": 9090.56046741491,
    "test_rmse": 16630.211733608103
}